,,,,,,,,,
,,,,,,,,,
,,,,,,,,,
,,,,,,,,,
,,,,,,,,,
,,,,,,,,,
,,,,,,,,,
,,,,,,,,,
,,,,,,,,,
,,,,,,,,,
,,,,,,,,,
,,,,,,,,,
,,,,,,,,,
,,,,,,,,,
,,,,,,,,hc440,
,,,,,,,,,
,,,,,,,,hc480,
,,,,,,,,,
,,,,,,,,,
,,,,,,,,,
,,,,,,,,hc440,
,,,,,,,,,
,,,,,,,,,
,,,,,,,,,
,,,,,,,,hc480,
,,,,,,,,,
,,,,,,,,,
,,,,,,,,,
,,,,,,,,hc440,
,,,,,,,,,
,,,,,,,,,
,,,,,,,,,
,,,,,,,,hc480,
,,,,,,,,,
,,,,,,,,,
,,,,,,,,,
,,,,,,,,hc440,
,,,,,,,,,
,,,,,,,,,
,,,,,,,,,
,,,,,,,,sl480,
,,,,,,,,,
,,,,,,,,,
,,,,,,,,,
,,,,,,,,kcff0,
,,,,,,,,,
,,,,,,,,,
,,,,,,,,,
,,,,,,,,hc480,hc440
,,,,,,,,,
,,,,,,,,hc440,hc440
,,,,,,,,,
,,,,,,,,hc440,hc440
,,,,,,,,,
,,,,,,,,,
,,,,,,,,,
,,,,,,,,hc480,hc440
,,,,,,,,,
,,,,,,,,,
,,,,,,,,,
,,,,,,,,hc440,hc440
,,,,,,,,,hc440
,,,,,,,,hc440,hc440
,,,,,,,,,hc440
,,,,,,,,hc480,hc480
,,,,,,,,,
,,,,,,,,,
,,,,,,,,,
,,,,,,,,hc440,hc440
,,,,,,,,,hc440
,,,,,,,,hc440,hc440
,,,,,,,,,hc440
,,,,,,,,sl4b0,hc440
,,,,,,,,,
,,,,,,,,,
,,,,,,,,,
,,,,,,,,kcff0,
,,,,,,,,,
,,,,,,,,kcff0,
,,,,,,,,,
,,,,,,,,,
,,,,,,,,,
,,,,,,,,,
,,,,,,,,,
,,,,,,,,hc480,
,,,,,,,,,
,,,,,,,,,
,,,,,,,,,
,,,,,,,,hc480,
,,,,,,,,,
,,,,,,,,,
,,,,,,,,,
,,,,,,,,kcff0,hc440
,,,,,,,,,hc440
,,,,,,,,kcff0,hc440
,,,,,,,,,hc440
,,,,,,,,hc480,hc440
,,,,,,,,,
,,,,,,,,,
,,,,,,,,,
,,,,,,,,kcff0,hc440
,,,,,,,,,hc440
,,,,,,,,kcff0,hc440
,,,,,,,,,hc440
,,,,,,,,hc480,hc440
,,,,,,,,,
,,,,,,,,,
,,,,,,,,,
,,,,,,,,kcff0,
,,,,,,,,,
,,,,,,,,,
,,,,,,,,,
,,,,,,,,,
,,,,,,,,,
,,,,,,,,,
,,,,,,,,,
,,,,,,,,,