,,,,hcff0,,,,,
,,,,,,,,,
,,,,,,,,,
,,,,,,,,,
,,,,,,,,,
,,,,,,,,,
,,,,,hcff0,,,,
,,,,,,,,,
,,,,hoff0,hcff0,,,,
,,,,,,,,,
,,,,,,,,,
,,,,,,,,,
,,,,,,,,,
,,,,,,,,,
,,,,,,,,,
,,,,,,,,,
,,,,hcff0,hoff0,,,,
,,,,,,,,,
,,,,,,,,,
,,,,,,,,,
,,,,,,,,,
,,,,,,,,,
,,,,,,,,,
,,,,,,,,,
,,,,,,,,,
,,,,,,,,,
,,,,,,,,,
,,,,,,,,,
,,,,,,,,,
,,,,,,,,,
,,,,,,,,,
,,,,,,,,,
,,,,hcff0,,,,,
,,,,,,,,,
,,,,,,,,,
,,,,,,,,,
,,,,hoff0,,,,,
,,,,,,,,,
,,,,hcff0,,,,,
,,,,,,,,,
,,,,hoffo,,,,,
,,,,,,,,,
,,,,,,,,,
,,,,,,,,,
,,,,,,,,,
,,,,,,,,,
,,,,,,,,,
,,,,,,,,,
30ff0,,32ff0,34ff0,hcff0,,,,,
,,,,,,,,,
,,,,,,,,,
,,,,,,,,,
,,,,hcff0,,,,,
,,,,,,,,,
,,,,,,,,,
,,,,,,,,,
,,,,snff0,,,,,
,,,,snff0,,,,,
,,,,snff0,,,,,
,,,,slff0,,,,,
,,,,slff0,,,,,
,,,,slff0,,,,,
,,,,,,,,,
,,,,,,,,,
,20360,,,snff0,,,,,
,,,,,,,,,
,,,,,,,,,
,21360,,,,,,,,
,,,,snff0,,,,,
,,,,slff0,,,,,
,20360,,,,,,,,
,,,,slff0,,,,,
,,,,slff0,,,,,
,16360,,,,,,,,
,,,,snff0,,,,,
,,,,,,,,,
,21280,,,,,,,,
,,,,,,,,,
,23380,,,slff0,clff0,,,,
,,,,,,,,,
,,,,,,,,,
,20380,,,,,,,,
,,,,,,,,,
,,,,,,,,,
,233a0,,,slf80,,,,,
,,,,slf70,,,,,
,,,,slf60,clff0,,,,
,242a0,,,slf50,,,,,
,,,,slf40,hcff0,,,,
,252a0,,,sl3f0,hcff0,,,,
,,,,,hcff0,,,,
,212c0,,,,,,,,
,,,,,,,,,
,203d0,,,,,,,,
,,,,hcff0,hcff0,,,,
,,,,,,,,,
35270,21ff0,33ff0,35ff0,,,,,,
,,,,,,,,,
33270,,,,snff0,,,,,
,,,,,snf80,,,,
35270,,,,hoff0,,,,,
,,,,,,,,,
41290,,,,,,,,,
,,,,,,,,,
364a0,,,,,,,,,
,,,,,,,,,
,,,,,hof60,,,,
,,,,,,,,,
414b0,,,,,,,,,
,,,,,,,,,
,,,,,,,,,
,,,,,,,,,
424f0,164f0,344f0,364f0,snf80,,,,,
,,,,snf80,,,,,
,,,,snf80,,,,,
,,,,snf80,snf80,,,,
,,,,snf80,snf80,,,,
,,,,snf80,snf80,,,,
,,,,snf80,snf80,,,,
,,,,snf80,snf80,,,,
,,,,,snf80,,,,
,,,,,snf80,,,,
,,,,,snf80,,,,
,,,,,,,,,
,,,,,,,,,
,,,,,,,,,
,,,,,,,,,
,,,,,,,,,
,,,,,,,,,
,,,,,,,,,
,,,,,,,,,
,,,,,,,,,
,,,,,,,,,
,,,,,,,,,