sl220,,,40f80,40f80,,50f40,
,,,,,,,
hc220,,,,,,,
,,,,,,,
hc880,,,34f80,34f80,,44f40,
,,,,,,,
sl220,,,,,,,
,,,,,,,
sl220,,,33f80,33f80,,43f40,
,,,,,,,
sn880,,,,,,,
,,,,,,,
sl220,,,32f80,32f80,,42f40,
,,,,,,,
sl220,22ff0,,,,,,
,,,,,,,
hc220,,14ff1,,,14ff1,,
,,,,,,,
22ff0,23ff0,,,,,,
,,,,,,,
sl220,,,34f80,34f80,,,
,,,,,,,
sl220,,,,,,,
,,,,,,,
sn880,,,33f80,33f80,,,
,,,,,,,
cl220,,,,,,,
cl220,,,,,,,
cl220,,,34f80,34f80,,44f20,
,,,,,,,
sl220,,,,,,,
sl220,,,,,,,
sn880,,20ff1,,,10ff1,,
,,,,,,,
cl220,,,,,,,
,,,,,,,
sl220,,,31f80,31f80,,,
,,,,,,,
ho220,,,,,,,
,,,,,,,
cl220,,,32f80,32f80,,42f20,
,,,,,,,
sl220,,,,,,,
,,,,,,,
sl220,,13ff1,,,13ff1,,
,,,,,,,
sn880,,,,,,,
,,,,,,,
sl220,,,33f80,33f80,,43f20,
,,,,,,,
24ff0,23ff0,,,,,,
24ff0,23ff0,,,,,,
24ff0,23ff0,21ff1,,,11ff1,,
,,,,,,,
sl220,sl220,,,,,,
,,,,,,,
hc220,,,31f80,31f80,,,
,,,,,,,
hc220,,,,,,,
,,,,,,,
sl220,,20ff1,,,10ff1,,
,,,,,,,
sl220,,,,,,,
,,,,,,,
hc220,,,30f80,30f80,,,
,,,,,,,
hc220,,,,,,,
,,,,,,,
hc220,,,31f80,31f80,,41f40,
,,,,,,,
ho220,,,,,,,
,,,,,,,
ho220,24ff0,,32f80,32f80,,42f40,
,,,,,,,
sl220,,,,,,,
,,,,,,,
hc220,,,33f80,33f80,,43f40,
,,,,,,,
hc220,,,,,,,
hc220,,,,,,,
hc220,,21ff1,,,11ff1,,
hc220,,,,,,,
sl220,,,,,,,
,,,,,,,
sl220,,,32f80,32f80,,,
,,,,,,,
sl220,,,,,,,
,,,,,,,
21ff9,23ff0,,33f80,33f80,,,
,,,,,,,
sl220,,,,,,,
,,,,,,,
24ff0,23ff0,,34f80,34f80,,44f20,
,,,,,,,
sn330,sn330,,,,,,
sl220,,,,,,,
sl220,,22ff1,,,12ff1,,
,,,,,,,
sl220,,,,,,,
,,,,,,,
sl220,,,40f80,40f80,,42f20,
,,,,,,,
sn880,,,,,,,
,,,,,,,
cl220,,,34f80,34f80,,,
,,,,,,,
sl220,,,,,,,
sl220,,,,,,,
cl220,,21ff1,,,11ff1,,
,,,,,,,
sl220,,,,,,,
,,,,,,,
sl220,,,41f80,41f80,,44f20,
,,,,,,,
ho220,,,,,,,
,,,,,,,
ho220,,14ff1,,,14ff1,,
,,,,,,,
sl220,,,,,,,
,,,,,,,
ho220,24ff0,,34f80,34f80,,,
,,,,,,,
hc220,,,,,,,
,,,,,,,
hc220,,20ff1,,,10ff1,,
,,,,,,,
sn880,,,,,,,
,,,,,,,
,,,,,,,