sl220,sl110,,40f80,40f80,,50f40,,,
,,,,,,,,,
sl220,sl110,,,,,,,,
,,,,,,,,,
sl220,,,34f80,34f80,,44f20,,,
,,,,,,,,,
sl220,,,,,,,,,
,,,,,,,,,
sl220,,,40f40,,,50f21,,,
,,,,,,,,,
sl220,,,,,,,,,
,,,,,,,,,
sl220,,20ff1,33241,,20ff1,43211,,,
,,,,,,,,,
sl220,,,,,,,,,
,,,,,,,,,
sl110,,,40f30,,,50f21,,,
,,,,,,,,,
,,,,,,,,,
,,,,,,,,,
sl220,,,34220,34221,,44211,,,
,,,,,,,,,
,,,,,,,,,
,,,,,,,,,
sl110,,,40f10,40f10,,50f21,,,
,,,,,,,,,
,,,,,,,,,
,,,,,,,,,
sl110,,21ff1,33211,33211,21ff1,43211,,,
,,,,,,,,,
,,,,,,,,,
,,,,,,,,,
sl110,,,40410,40410,,50f21,,,
,,,,,,,,,
,,,,,,,,,
,,,,,,,,,
sl110,,,41211,41211,,51f21,,,
,,,,,,,,,
,,,,,,,,,
,,,,,,,,,
hc110,,,40410,40410,,50f21,,,
,,,,,,,,,
,,,,,,,,,
,,,,,,,,,
,,23ff1,33211,3333211,13ff1,43211,,,
,,,,,,,,,
,,,,,,,,,
,,,,,,,,,
hc110,,,40410,40410,,50f21,,,
,,,,,,,,,
,,,,,,,,,
,,,,,,,,,
,,,34211,34211,,44211,,,
,,,,,,,,,
,,,,,,,,,
,,,,,,,,,
hc110,,,40410,40410,,50f21,,,
,,,,,,,,,
,,,,,,,,,
,,,,,,,,,
,,20ff1,33211,33211,20ff1,43211,,,
,,,,,,,,,
,,,,,,,,,
,,,,,,,,,
hc110,,,40410,40410,,50f21,,,
,,,,,,,,,
,,,,,,,,,
,,,,,,,,,
,,,34211,34211,,44211,,,
,,,,,,,,,
,,,,,,,,,
,,,,,,,,,
hc110,,,40410,,,50f21,,,
,,,,,,,,,
,,,,,,,,,
,,,,,,,,,
,,22ff1,,,12ff1,42211,,,
,,,,,,,,,
,,,,,,,,,
,,,,,,,,,
cl110,,,32410,32410,,50f21,,,
,,,,,,,,,
,,,,,,,,,
,,,,,,,,,
sl110,,,,,,44211,,,
,,,,,,,,,
,,,,,,,,,
,,,,,,,,,
sl110,,,24410,34410,,,,,
,,,,,,,,,
,cl110,,,,,,,,
,,,,,,,,,
hc110,,24ff1,,,14ff1,,,,
,,,,,,,,,
,cl110,,,,,,,,
,,,,,,,,,
hc110,,,31410,41410,,,,,
,,,,,,,,,
,cl110,,,,,,,,
,,,,,,,,,
sl110,,,,,,41211,,,
sl110,,,,,,,,,
21ff0,21ff0,,,,,,,,
,,,,,,,,,
21ff0,21ff0,,33410,43410,,,,,
,,,,,,,,,
sl110,,,,,,,,,
,,,,,,,,,
sl110,,21ff1,,,21ff1,,,,
,,,,,,,,,
sl110,,,,,,,,,
,,,,,,,,,
sl110,,,34410,44410,,,,,
,,,,,,,,,
,,,,,,,,,
,,,,,,,,,
sl110,,,,,,,,,
,,,,,,,,,
,,,,,,,,,
,,,,,,,,,
sl110,,,,,,,,,
,,,,,,,,,
,,,,,,,,,
,,,,,,,,,
sl110,,,,,,,,,
,,,,,,,,,
sn880,,,,,,,,,
,,,,,,,,,
,,,,,,,,,
,,,,,,,,,