,,,23f60,33830,338a0,kcf60,,,
,,,,,,,,,
,,,,,,,,,
,,,,,,,,,
,,,,,,,,,
,,,,,,,,,
,,,,,,,,,
,,,,,,,,,
,,,,33830,338a0,kcf60,,,
,,,,,,,,,
,,,,,,,,,
,,,,,,,,,
,,,,,,,,,
,,,,,,,,,
,,,,,,,,,
,,,,,,,,,
,,,22860,32830,328a0,kcf60,,,
,,,,,,,,,
,,,,,,,,,
,,,,,,,,,
,,,,,,,,,
,,,,,,,,,
,,,,,,,,,
,,,,,,,,,
,,,22460,32430,324a0,kcf60,,,
,,,,,,,,,
,,,,,,,,,
,,,,,,,,,
,,,22f60,32830,328a0,kcf60,,,
,,,,,,,,,
,,,,,,,,,
,,,,,,,,,
,,,,,,,,,
,,,,,,,,,
,,,,,,,,,
,,,,,,,,,
,,,,32830,328a0,kcf60,,,
,,,,,,,,,
,,,,,,,,,
,,,,,,,,,
,,,,,,,,,
,,,,,,,,,
,,,,,,,,,
,,,,,,,,,
,,,22460,32430,324a0,kcf60,,,
,,,,,,,,,
,,,,,,,,,
,,,,,,,,,
,,,22460,32430,324a0,kcf60,,,
,,,,,,,,,
,,,,,,,,,
,,,,,,,,,
,,,22c60,32c30,32ca0,kcf60,,,
,,,,,,,,,
,,,,,,,,,
,,,,,,,,,
,,,,,,,,,
,,,,,,,,,
,,,,,,,,,
,,,,,,,,,