zl440,zl420,,30f60,40f60,61f70,41ff1,,,
,,,,,,,,,
,,,,,,,,,
,,,,,,,,,
,,,,,,,,,
,,,,,,,,,
,,,,,,,,,
,,,,,,,,,
zl440,zl420,,32f60,42f40,,,,,
,,,,,,,,,
,,,,,,,,,
,,,,,,,,,
,,,,,,,,,
,,,,,,,,,
,,,,,,,,,
,,,,,,,,,
sl440,sl420,,33f60,43f40,,,,,
cl440,,,,,,,,,
cl440,,,,,,,,,
cl440,,,,,,,,,
cl440,,,,,,,,,
cl440,,,,,,,,,
cl440,,,,,,,,,
cl440,,,,,,,,,
zl440,zl420,,34f60,44f60,54f70,34ff1,,,
,,,,,,,,,
,,,,,,,,,
,,,,,,,,,
,,,,,,,,,
,,,,,,,,,
,,,,,,,,,
,,,,,,,,,
zl440,kcff0,14ff0,,,,,,,
,,,,,,,,,
,,,,,,,,,
,,,,,,,,,
,,,,,,,,,
,,,,,,,,,
,,,,,,,,,
,,,,,,,,,
,,,,,,,,,
,,,,,,,,,
,,,,,,,,,
,,,,,,,,,
,,,,,,,,,
,,,,,,,,,
,,,,,,,,,
,,,,,,,,,
zl440,zl420,10ff0,30f60,40f60,61f70,41ff1,,,
cl440,,,,,,,,,
cl440,,,,,,,,,
cl440,,,,,,,,,
cl440,,,,,,,,,
cl440,,,,,,,,,
cl440,,,,,,,,,
cl440,,,,,,,,,
zl440,zl420,,32f60,42f40,,,,,
,,,,,,,,,
,,,,,,,,,
,,,,,,,,,
,,,,,,,,,
,,,,,,,,,
,,,,,,,,,
,,,,,,,,,
zl440,zl420,,33f60,43f40,,,,,
,,,,,,,,,
,,,,,,,,,
,,,,,,,,,
,,,,,,,,,
,,,,,,,,,
,,,,,,,,,
,,,,,,,,,
sn440,sn440,,34f60,44f60,61f70,41ff1,,,
,,,,,,,,,
,,,,,,,,,
,,,,,,,,,
,,,,,,,,,
,,,,,,,,,
,,,,,,,,,
,,,,,,,,,
,,,,,,,,,
,,,,,,,,,
,,,,,,,,,
,,,,,,,,,
,,,,,,,,,
,,,,,,,,,
,,,,,,,,,
,,,,,,,,,
,kcff0,14ff0,,,54f70,,,,
,,,,,,,,,
,,,,,,,,,
,,,,,,,,,
,,,,,,,,,
,,,,,,,,,
,,,,,,,,,
,,,,,,,,,
zn440,zn420,10ff0,30f60,4240f60f40,61f70,41ff1,,,
,,,,,,,,,
,,,,,,,,,
,,,,,,,,,
,,,,,,,,,
,,,,,,,,,
,,,,,,,,,
,,,,,,,,,
zl440,zn420,,32f40,42f40,,,,,
cl440,,,,,,,,,
cl440,,,,,,,,,
cl440,,,,,,,,,
cl440,,,,,,,,,
cl440,,,,,,,,,
cl440,,,,,,,,,
cl440,,,,,,,,,
zl440,zn420,,33f40,43f40,,,,,
,,,,,,,,,
,,,,,,,,,
,,,,,,,,,
,,,,,,,,,
,,,,,,,,,
,,,,,,,,,
,,,,,,,,,
zl440,zn420,,34f40,44f40,61f70,41ff1,,,
cl440,,,,,,,,,
cl440,,,,,,,,,
cl440,,,,,,,,,
cl440,,,,,,,,,
cl440,,,,,,,,,
cl440,,,,,,,,,
cl440,,,,,,,,,
kcff0,zn420,14ff0,,,,,,,
,,,,,,,,,
,,,,,,,,,
,,,,,,,,,
,,,,,,,,,
,,,,,,,,,
,,,,,,,,,
,,,,,,,,,
sn880,sn440,,,,,,,,
,,,,,,,,,
,,,,,,,,,
,,,,,,,,,
,,,,,,,,,
,,,,,,,,,
,,,,,,,,,
,,,,,,,,,
zl440,zn420,10ff0,30f60,40f60,61f70,41ff1,,,
,,,,,,,,,
,,,,,,,,,
,,,,,,,,,
,,,,,,,,,
,,,,,,,,,
,,,,,,,,,
,,,,,,,,,
zl440,zn420,,32f40,42f40,,,,,
cl440,,,,,,,,,
cl440,,,,,,,,,
cl440,,,,,,,,,
cl440,,,,,,,,,
cl440,,,,,,,,,
cl440,,,,,,,,,
cl440,,,,,,,,,
sl880,sl440,,33f40,43f40,,,,,
,,,,,,,,,
,,,,,,,,,
,,,,,,,,,
,,,,,,,,,
,,,,,,,,,
,,,,,,,,,
,,,,,,,,,
sl880,sl440,,34f60,44f60,54f50,41ff1,,,
,,,,,,,,,
,,,,,,,,,
,,,,,,,,,
,,,,,,,,,
,,,,,,,,,
,,,,,,,,,
,,,,,,,,,
,,,,,,,,,
,,,,,,,,,
,,,,,,,,,
,,,,,,,,,
,,,,,,,,,
,,,,,,,,,
,,,,,,,,,
,,,,,,,,,
,kcff0,14ff0,,,,,,,
,,,,,,,,,
,,,,,,,,,
,,,,,,,,,
,,,,,,,,,
,,,,,,,,,