zl440,zl420,,30f20,40f20,,34ff1,,,
,,,,,,,,,
,,,,,,,,,
,,,,,,,,,
,,,,,,,,,
,,,,,,,,,
,,,,,,,,,
,,,,,,,,,
zl440,zl420,,32f20,42f20,,34ff1,,,
,,,,,,,,,
,,,,,,,,,
,,,,,,,,,
,,,,,,,,,
,,,,,,,,,
,,,,,,,,,
,,,,,,,,,
sl440,sl420,,33f20,43f20,,34ff1,,,
,,,,,,,,,
,,,,,,,,,
,,,,,,,,,
,,,,,,,,,
,,,,,,,,,
,,,,,,,,,
,,,,,,,,,
zl440,zl420,,30f20,44f20,,34ff1,,,
,,,,,,,,,
,,,,,,,,,
,,,,,,,,,
,,,,,,,,,
,,,,,,,,,
,,,,,,,,,
,,,,,,,,,
zl440,zl420,14ff0,32f20,424a1,,32ff1,,,
,,,,,,,,,
,,,,,,,,,
,,,,,,,,,
,,,,,,,,,
,,,,,,,,,
,,,,,,,,,
,,,,,,,,,
,,,33f20,,,,,,
,,,,,,,,,
,,,,,,,,,
,,,,,,,,,
,kcff0,,,424a1,,32ff1,,,
,,,,,,,,,
,,,,,,,,,
,,,,,,,,,
zl440,zl420,10ff0,30f30,44f60,,34ff1,,,
cl440,,,,,,,,,
cl440,,,,,,,,,
cl440,,,,,,,,,
cl440,,,,,,,,,
cl440,,,,,,,,,
cl440,,,,,,,,,
cl440,,,,,,,,,
zl440,zl420,,32f60,44f60,,34ff1,,,
,,,,,,,,,
,,,,,,,,,
,,,,,,,,,
,,,,,,,,,
,,,,,,,,,
,,,,,,,,,
,,,,,,,,,
zl440,zl420,,33f30,44f60,,34ff1,,,
,,,,,,,,,
,,,,,,,,,
,,,,,,,,,
,,,,,,,,,
,,,,,,,,,
,,,,,,,,,
,,,,,,,,,
sn440,,,30f30,44f60,,34ff1,,,
,,,,,,,,,
,,,,,,,,,
,,,,,,,,,
,,,,,,,,,
,,,,,,,,,
,,,,,,,,,
,,,,,,,,,
,,,32f60,,,,,,
,,,,,,,,,
,,,,,,,,,
,,,,,,,,,
,,,,,,,,,
,,,,,,,,,
,,,,,,,,,
,,,,,,,,,
,kcff0,,33f30,,,,,,
,,,,,,,,,
,,,,,,,,,
,,,,,,,,,
,,,,424a1,,32ff1,,,
,,,,,,,,,
,,,,,,,,,
,,,,,,,,,
zn440,zn420,,30f30,44f60,,34ff1,,,
,,,,,,,,,
,,,,,,,,,
,,,,,,,,,
,,,,,,,,,
,,,,,,,,,
,,,,,,,,,
,,,,,,,,,
zn440,zn420,,32861,44f60,,34ff1,,,
cl440,,,,,,,,,
cl440,,,,,,,,,
cl440,,,,,,,,,
cl440,,,32861,,,,,,
cl440,,,,,,,,,
cl440,,,,,,,,,
cl440,,,,,,,,,
zl440,zn420,,33831,44f60,,34ff1,,,
,,,,,,,,,
,,,,,,,,,
,,,,,,,,,
,,,32861,,,,,,
,,,,,,,,,
,,,,,,,,,
,,,,,,,,,
zn440,zn420,,30830,44f60,,34ff1,,,
cl440,,,,,,,,,
cl440,,,,,,,,,
cl440,,,,,,,,,
cl440,,,,,,,,,
cl440,,,,,,,,,
cl440,,,,,,,,,
cl440,,,,,,,,,
zn440,zn420,,32861,404a1,,30ff1,,,
,,,,,,,,,
,,,,,,,,,
,,,,,,,,,
,,,32861,,,,,,
,,,,,,,,,
,,,,,,,,,
,,,,,,,,,
sn880,sn440,,33831,404a1,,30ff1,,,
,,,,,,,,,
,,,,,,,,,
,,,,,,,,,
,,,32861,,,,,,
,,,,,,,,,
,,,,,,,,,
,,,,,,,,,
zl440,zn420,,30f30,404a1,,30ff1,,,
,,,,,,,,,
,,,,,,,,,
,,,,,,,,,
,,,,,,,,,
,,,,,,,,,
,,,,,,,,,
,,,,,,,,,
zl440,zn420,,32f61,,,,,,
cl440,,,,,,,,,
cl440,,,,,,,,,
cl440,,,,,,,,,
cl440,,,32f61,,,,,,
cl440,,,,,,,,,
cl440,,,,,,,,,
cl440,,,,,,,,,
sl880,sl440,,33f31,,,,,,
,,,,,,,,,
,,,,,,,,,
,,,,,,,,,
,,,32f61,,,,,,
,,,,,,,,,
,,,,,,,,,
,,,,,,,,,
sl880,sl440,,30f30,404a1,,30ff1,,,
,,,,,,,,,
,,,,,,,,,
,,,,,,,,,
cl440,cl440,,,,,,,,
,,,,,,,,,
,,,,,,,,,
,,,,,,,,,
,,,,,,,,,
,,,,,,,,,
,,,,,,,,,
,,,,,,,,,
cl440,cl440,,,,,,,,
,,,,,,,,,
,,,,,,,,,
,,,,,,,,,
,kcff0,14ff0,,,,,,,
,,,,,,,,,
,,,,,,,,,