hc840,bdff0,21ff0,,,,,,,
,,,,,,,,,
,,,,,,,,,
,,,,,,21ff3,,,
,,,41331,51f21,21ff5,,,,
,,,,,,,21ff3,,
,,,,,,,,,
,,,,,,,,,
sl820,bd2f0,,,,,,,,
,,,,,236f5,,,,
,,,43551,,,233f3,,,
,,,,,,,21ff3,,
hc820,bd2f0,,,,,,,,
,,,,,,,,,
lbff0,lbff0,,,,,,,,
,,,,,,,,,
,,20ff0,50441,50621,308f6,,,,
,,,,,,,305f3,,
bd2f0,,,,,,308f5,,,
,,,,,,,,,
hc820,bd2f0,,,,,,,,
,,,,,,,,,
,,,43551,,236f1,236f5,236f5,,
,,,,,,,,,
sl820,bd2f0,,,,,,,,
,,,,,,,,,
,,,,,,,,,
,,,,,,,,,
hc820,bd2f0,,51221,51221,312f0,312f0,312f0,,
,,,,,,,,,
lbff0,lbff0,,50221,50221,30ff1,30ff1,30ff3,,
,,,,,,,,,
hc820,bd2f0,23ff0,50331,50331,,,,,
,,,,,,,,,
,,,,,,,,,
,,,,,,,,,
hc820,bd2f0,,,,,,,,
,,,,,,,,,
,sl830,,,,,,,,
,,,,,,,,,
sl830,,,50331,50331,30ff1,30ff7,30ff5,,
,,,,,,,,,
,,,,,,,,,
,,,,,,,,,
bd2f0,bd2f0,,,,,,,,
,,,,,,,,,
lbff0,lbff0,,,,,,,,
,,,,,,,,,
hc810,hc810,21ff0,43331,43331,23ff3,23ff3,23ff5,,
,,,,,,,,,
,,,,,,,,,
,,,,,,,,,
hc810,hc810,,,,,,,,
,,,,,,,,,
,,,,,,,,,
,,,,,23ff5,,,,
sl820,sl820,,43331,43331,,23ff5,23ff5,,
,,,,,,,,,
,,,,,,,,,
,,,,,,,,,
hc810,bd2f0,,,,,,,,
,,,,,,,,,
lbff0,lbff0,,,,,,,,
,,,,,,,,,
bd2f0,bd2f0,20ff0,,,,,,,
,,,,,,,,,
,,,,,,,,,
,,,,,,,,,
hc810,,,40331,40331,32ff0,32ff0,32ff0,,
,,,,,,,,,
,,,,,,,,,
,,,,,,,,,
sl820,sl820,,42441,42441,,,,,
,,,,,,,,,
,,,,,,,,,
,,,,,,,,,
bd2f0,bd2f0,,42441,42441,,,,,
,,,,,,,,,
lbff0,lbff0,,,,,,,,
,,,,,,,,,
,,23ff0,41551,41551,31ff0,31ff0,31ff0,,
,,,,,,,,,
,,,,,,,,,
,,,,,,,,,
hc810,,,41551,41551,,,,,
,,,,,,,,,
,,,,,,,,,
,,,,,,,,,
sl820,sl820,,40551,40551,30ff0,30ff0,30ff0,,
,,,,,,,,,
,,,,,,,,,
,,,,,,,,,
bd2f0,bd2f0,,41551,41551,31fd1,31fa3,31ff1,,
,,,,,,,,,
lbff0,lbff0,,,,,,,,
,,,,,,,,,
hc810,,21ff0,,,,,,,
,,,,,,,,,
,sl820,,,,,,,,
,,,,,,,,,
hc810,,,34f81,34f81,,,,,
,,,,,,,,,
,,,,,,,,,
,,,,,,,,,
hc810,sl820,,34f81,34f81,,,,,
,,,,,,,,,
,,,,,,,,,
,,,,,,,,,
hc810,,,34f81,34f81,,,,,
,,,,,,,,,
lbff0,,,,,,,,,
,,,,,,,,,
,sn820,24ff0,34f81,34f81,,,,,
,,,,,,,,,
,,,,,,,,,
,,,,,,,,,
hc810,sn820,,,,,,,,
,,,,,,,,,
,,,,,,,,,
,,,,,,,,,
sl840,sl820,,32f81,32f81,,,,,
sl820,sl820,,,,,,,,
sl820,sl820,,,,,,,,
sl820,sl820,,,,,,,,
sl810,hc810,,,,,,,,
sl810,sl810,,,,,,,,
sn810,sl810,,,,,,,,
,,,,,,,,,
,,,,,,,,,
,,,,,,,,,
,,,,,,,,,
,,,,,,,,,
,,,,,,,,,