bdff0,sn880,20ff0,,,,,,,,
,,,,,,,,,,
,,,,,,,,,,
,,,,,,,,,,
bd2f0,sn880,,,,,,,,,
,,,,,,,,,,
,,,32ff0,42f60,,,,,,
,,,,,,,,,,
,,,,,,,,,,
,,,,,,,,,,
,,,,,,,,,,
,,,,,,,,,,
,sn880,,,,,,,,,
,,,,,,,,,,
,,,,,,,,,,
,,,,,,,,,,
,,,,,,,,,,
,,,,,,,,,,
,,,33ff0,43f60,,,,,,
,,,,,,,,,,
bdff0,,,,,,,,,,
,,,,,,,,,,
,lbff0,,,,,,,,,
,,,,,,,,,,
,sn880,23ff0,,,,,,,,
,,,,,,,,,,
bdff0,sn800,,,,,,,,,
,,,,,,,,,,
,,,,,,,,,,
,,,,,,,,,,
,,,34ff0,44f60,,,,,,
,,,,,,,,,,
lbff0,lbff0,,,,,,,,,
,,,,,,,,,,
,,,,,,,,,,
,,,,,,,,,,
sl880,sn880,,,,,,,,,
,,,,,,,,,,
sl880,sn880,,,,,,,,,
,,,,,,,,,,
sl880,sn880,,,,,,,,,
,,,,,,,,,,
,,,40ff0,50f60,,,,,,
,,,,,,,,,,
,,,,,,,,,,
,,,,,,,,,,
lbff0,lbff0,,,,,,,,,
,,,,,,,,,,
bdff0,sn880,21ff0,34ff0,44f60,,,,,,
,,,,,,,,,,
,,,,,,,,,,
,,,,,,,,,,
bd2f0,sn880,,,,,,,,,
,,,,,,,,,,
,,,,,,,,,,
,,,,,,,,,,
,,,,,,,,,,
,,,,,,,,,,
,,,,,,,,,,
,,,,,,,,,,
,sn880,,41fd0,51f90,,,,,,
,,,,,,,,,,
,,,,,,,,,,
,,,,,,,,,,
,,,41ff0,51f70,,,,,,
,,,,,,,,,,
,,,,,,,,,,
,,,,,,,,,,
bdff0,,,,,,,,,,
,,,,,,,,,,
,lbff0,,,,,,,,,
,,,,,,,,,,
,sn880,23ff0,,,,,,,,
,,,,,,,,,,
bdff0,sn800,,,,,,,,,
,,,,,,,,,,
,,,,,,,,,,
,,,,,,,,,,
,,,33fd0,43f90,,,,,,
,,,,,,,,,,
lbff0,lbff0,,,,,,,,,
,,,,,,,,,,
,,,33ff0,43f70,,,,,,
,,,,,,,,,,
sl880,sn880,,,,,,,,,
,,,,,,,,,,
sl880,sn880,,,,,,,,,
,,,,,,,,,,
sl880,sn880,,,,,,,,,
,,,,,,,,,,
,,,31ff0,41f60,,,,,,
,,,,,,,,,,
sl220,,,,,,,,,,
,,,,,,,,,,
sl220,lbff0,,,,,,,,,
,,,,,,,,,,
sl280,,24ff0,,,,,,,,
,,,,,,,,,,
sl220,,,,,,,,,,
,,,,,,,,,,
sl220,sn880,,,,,,,,,
,,,,,,,,,,
sl220,,,32ff0,42f80,,,,,,
,,,,,,,,,,
sl220,,,,,,,,,,
,,,,,,,,,,
sl220,,,,,,,,,,
,,,,,,,,,,
sl220,sn880,,,,,,,,,
,,,,,,,,,,
sl220,,,,,,,,,,
,,,,,,,,,,
sl220,,,,,,,,,,
sl210,,,,,,,,,,
sl210,,,34ff0,44f80,,,,,,
sl210,,,,,,,,,,
sl210,,,,,,,,,,
sl210,,,,,,,,,,
sl210,lbff0,,,,,,,,,
sn860,,,,,,,,,,
sn860,sn880,22ff0,,,,,,,,
sn860,,,,,,,,,,
bdff0,sn800,,,,,,,,,
sn860,,,,,,,,,,
bdff0,,,,,,,,,,
sn860,,,,,,,,,,
bdff0,,,40ff0,50f80,,,,,,
sn860,,,,,,,,,,
lbff0,lbff0,,,,,,,,,
sn860,,,,,,,,,,
sn860,,,,,,,,,,
sn860,,,,,,,,,,
sn860,,,,,,,,,,
sn860,,,,,,,,,,
sn860,,,,,,,,,,
sn860,,,,,,,,,,
sn860,,,,,,,,,,
sn860,,,,,,,,,,
sl220,,,41ff0,51f80,,,,,,
sl220,,,,,,,,,,
sl220,,,,,,,,,,
sl220,,,,,,,,,,
sl220,lbff0,,,,,,,,,
sl220,,,,,,,,,,
bdff0,sn880,21ff0,34ff0,44f80,,,,,,
sl220,,,,,,,,,,
sn860,,,,,,,,,,
sl220,,,,,,,,,,
sl220,,,,,,,,,,
sn860,,,,,,,,,,
sn860,,,,,,,,,,
sl220,,,,,,,,,,
sl220,sl220,,,,,,,,,
sl220,sl220,,,,,,,,,
sl220,sl220,,,,,,,,,
sl220,sl220,,,,,,,,,
sl220,sn860,,41ff0,51f80,,,,,,
sl220,,,,,,,,,,
sl220,,,,,,,,,,
sl220,,,,,,,,,,
bdff0,,,,,,,,,,
sl220,,,,,,,,,,
bdff0,bdff0,,,,,,,,,
sl220,,,,,,,,,,
sn860,,,,,,,,,,
sl220,,,,,,,,,,
sl220,lbff0,,,,,,,,,
sn860,,,,,,,,,,
sl220,sn880,,,,,,,,,
sl220,,,,,,,,,,
bdff0,sn880,,,,,,,,,
sl220,,,,,,,,,,
sl220,,,,,,,,,,
sl220,,,,,,,,,,
sl220,,,,,,,,,,
sl220,,,,,,,,,,
sl220,lbff0,,,,,,,,,
sl880,,,,,,,,,,
sl880,,,,,,,,,,
sl880,,,,,,,,,,
sl880,sn880,,,,,,,,,
sl880,,,,,,,,,,
sl880,sn880,,,,,,,,,
sl880,,,,,,,,,,
sl880,sn880,,,,,,,,,
,,,,,,,,,,
,,,,,,,,,,
,,,,,,,,,,
,,,,,,,,,,
,,,,,,,,,,
,,,,,,,,,,
,,,,,,,,,,