bdff0,sn880,,,,,,,,,
,,,,,,,,,,
,,,,,,,,,,
,,,,,,,,,,
bd2f0,sn880,,,,,,,,,
,,,,,,,,,,
,,,,,,,,,,
,,,,,,,,,,
,,,,,,,,,,
,,,,,,,,,,
,,,,,,,,,,
,,,,,,,,,,
,sn880,,,,,,,,,
,,,,,,,,,,
,,,,,,,,,,
,,,,,,,,,,
,,,,,,,,,,
,,,,,,,,,,
,,,,,,,,,,
,,,,,,,,,,
bdff0,,,,,,,,,,
,,,,,,,,,,
,,,,,,,,,,
,,,,,,,,,,
,sn880,,,,,,,,,
,,,,,,,,,,
bdff0,sn800,,,,,,,,,
,,,,,,,,,,
,,,,,,,,,,
,,,,,,,,,,
,,,,,,,,,,
,,,,,,,,,,
lbff0,lbff0,,,,,,,,,
,,,,,,,,,,
,,,,,,,,,,
,,,,,,,,,,
sl880,sn880,,,,,,,,,
,,,,,,,,,,
sl880,sn880,,,,,,,,,
,,,,,,,,,,
sl880,sn880,,,,,,,,,
,,,,,,,,,,
,,,,,,,,,,
,,,,,,,,,,
,,,,,,,,,,
,,,,,,,,,,
lbff0,lbff0,,,,,,,,,
,,,,,,,,,,
bdff0,sn880,,,,,,,,,
,,,,,,,,,,
,,,,,,,,,,
,,,,,,,,,,
bd2f0,sn880,,,,,,,,,
,,,,,,,,,,
,,,,,,,,,,
,,,,,,,,,,
,,,,,,,,,,
,,,,,,,,,,
,,,,,,,,,,
,,,,,,,,,,
,sn880,,,,,,,,,
,,,,,,,,,,
,,,,,,,,,,
,,,,,,,,,,
,,,,,,,,,,
,,,,,,,,,,
,,,,,,,,,,
,,,,,,,,,,
bdff0,,,,,,,,,,
,,,,,,,,,,
,,,,,,,,,,
,,,,,,,,,,
,sn880,,,,,,,,,
,,,,,,,,,,
bdff0,sn800,,,,,,,,,
,,,,,,,,,,
,,,,,,,,,,
,,,,,,,,,,
,,,33111,,,,,,,
,,,,,,,,,,
lbff0,lbff0,,33111,,,,,,,
,,,,,,,,,,
,,,,,,,,,,
,,,,,,,,,,
sl880,sn880,,,,,,,,,
,,,,,,,,,,
sl880,sn880,,,,,,,,,
,,,,,,,,,,
sl880,sn880,,33111,,,,,,,
,,,,,,,,,,
,,,,,,,,,,
,,,,,,,,,,
,,,,,,,,,,
,,,,,,,,,,
lbff0,lbff0,,,,,,,,,
,,,,,,,,,,
bdff0,bdff0,20ff0,,,,,,,,
,,,,,,,,,,
,,,,,,,,,,
,,,,,,,,,,
bd2f0,sn880,,,,,,,,,
,,,,,,,,,,
,,,32fd0,42f20,,,,,,
,,,,,,,,,,
,,,,,,,,,,
,,,,,,,,,,
,,,,,,,,,,
,,,,,,,,,,
,sn880,,,,,,,,,
,,,,,,,,,,
,,,,,,,,,,
,,,,,,,,,,
,,,,,,,,,,
,,,,,,,,,,
,,,33ff0,43f20,,,,,,
,,,,,,,,,,
bdff0,,,,,,,,,,
,,,,,,,,,,
,lbff0,,,,,,,,,
,,,,,,,,,,
,sn880,23ff0,,,,,,,,
,,,,,,,,,,
bdff0,sn800,,,,,,,,,
,,,,,,,,,,
,,,,,,,,,,
,,,,,,,,,,
,,,34ff0,44f40,,,,,,
,,,,,,,,,,
lbff0,lbff0,,,,,,,,,
,,,,,,,,,,
,,,,,,,,,,
,,,,,,,,,,
sl880,sn880,,,,,,,,,
,,,,,,,,,,
sl880,sn880,,,,,,,,,
,,,,,,,,,,
sl880,sn880,,,,,,,,,
,,,,,,,,,,
,,,40ff0,50f40,,,,,,
,,,,,,,,,,
,,,,,,,,,,
,,,,,,,,,,
lbff0,lbff0,,,,,,,,,
,,,,,,,,,,
bdff0,sn880,21ff0,34fd0,44f60,,,,,,
,,,,,,,,,,
,,,,,,,,,,
,,,,,,,,,,
bd2f0,sn880,,,,,,,,,
,,,,,,,,,,
,,,,,,,,,,
,,,,,,,,,,
,,,,,,,,,,
,,,,,,,,,,
,,,,,,,,,,
,,,,,,,,,,
,sn880,,41ff0,51f60,,,,,,
,,,,,,,,,,
,,,40ff0,50f60,,,,,,
,,,,,,,,,,
,,,41ff0,51f80,,,,,,
,,,,,,,,,,
,,,40ff0,50f80,,,,,,
,,,,,,,,,,
bdff0,,,,,,,,,,
,,,,,,,,,,
,lbff0,,,,,,,,,
,,,,,,,,,,
,sn880,23ff0,,,,,,,,
,,,,,,,,,,
bdff0,sn800,,,,,,,,,
,,,,,,,,,,
,,,,,,,,,,
,,,,,,,,,,
,,,33ff0,43f60,,,,,,
,,,,,,,,,,
,lbff0,,,,,,,,,
,,,,,,,,,,
,,,,,,,,,,
,,,,,,,,,,
sl880,sn880,,,,,,,,,
,,,,,,,,,,
sl880,sn880,,,,,,,,,
,,,,,,,,,,
sl880,sn880,,,,,,,,,
,,,,,,,,,,
,,,30ff0,40f60,,,,,,
,,,,,,,,,,
,,,,,,,,,,
,,,,,,,,,,
lbff0,lbff0,,,,,,,,,
,,,,,,,,,,
bdff0,sn880,20ff0,,,,,,,,
,,,,,,,,,,
,,,,,,,,,,
,,,,,,,,,,
bd2f0,sn880,,,,,,,,,
,,,,,,,,,,
,,,32ff0,42f60,,,,,,
,,,,,,,,,,
,,,,,,,,,,
,,,,,,,,,,
,,,,,,,,,,
,,,,,,,,,,
,sn880,,,,,,,,,
,,,,,,,,,,
,,,,,,,,,,
,,,,,,,,,,
,,,,,,,,,,
,,,,,,,,,,
,,,33ff0,43f60,,,,,,
,,,,,,,,,,
bdff0,,,,,,,,,,
,,,,,,,,,,
,lbff0,,,,,,,,,
,,,,,,,,,,
,sn880,23ff0,,,,,,,,
,,,,,,,,,,
bdff0,sn800,,,,,,,,,
,,,,,,,,,,
,,,,,,,,,,
,,,,,,,,,,
,,,34ff0,44f60,,,,,,
,,,,,,,,,,
,,,,,,,,,,
,,,,,,,,,,
,,,,,,,,,,
,,,,,,,,,,
,,,,,,,,,,
,,,,,,,,,,
,,,,,,,,,,
,,,,,,,,,,
,,,,,,,,,,
,,,,,,,,,,
,,,,,,,,,,
,,,,,,,,,,
,,,,,,,,,,