cl660,kcff0,13ff0,31f30,418d0,43f50,33ff1,,,
,,,,,,,,,
,,,,,,,,,
,,,,,,,,,
cl440,,,,,,,,,
,,,,,,,,,
,,,,,,,,,
,,,,,,,,,
cl660,,,,,,,,,
,,,,,,,,,
,,,,,,,,,
,,,,,,,,,
,,,,,,,,,
,,,,,,,,,
,,,,,,,,,
,,,,,,,,,
zl330,,,,,,,,,
zl330,,,,,,,,,
zl330,,,,,,,,,
zl330,,,,,,,,,
zl330,,,,,,,,,
zl330,,,,,,,,,
zl330,,,,,,,,,
zl330,,,,,,,,,
sn660,,,31f30,,41f50,31ff1,,,
,,,,,,,,,
,,,,,,,,,
,,,,,,,,,
,,,,,,,,,
,,,,,,,,,
,,,,,,,,,
,,,,,,,,,
sl440,,,,418d0,,,,,
,,,,,,,,,
,,,,,,,,,
,,,,,,,,,
,,,,,,,,,
,,,,,,,,,
,,,,,,,,,
,,,,,,,,,
sl440,kcff0,14ff0,,,,,,,
,,,,,,,,,
,,,,,,,,,
,,,,,,,,,
,,,,,,,,,
,,,,,,,,,
,,,,,,,,,
,,,,,,,,,
cl660,kcff0,14ff0,34f30,348d0,44f50,34ff1,,,
,,,,,,,,,
cl440,,,,,,,,,
,,,,,,,,,
cl440,,,,,,,,,
,,,,,,,,,
cl440,,,,,,,,,
,,,,,,,,,
cl660,,,,,,,,,
,,,,,,,,,
cl440,,,,,,,,,
,,,,,,,,,
,,,,,,,,,
,,,,,,,,,
,,,,,,,,,
,,,,,,,,,
sn880,,,,,,,,,
,,,,,,,,,
,,,,,,,,,
,,,,,,,,,
sn880,,,,,,,,,
,,,,,,,,,
,,,,,,,,,
,,,,,,,,,
cl660,,,34f30,348d0,51f50,41ff1,,,
,,,,,,,,,
,,,,,,,,,
,,,,,,,,,
,,,,,,,,,
,,,,,,,,,
,,,,,,,,,
,,,,,,,,,
sl660,,,,,,,,,
,,,,,,,,,
,,,,,,,,,
,,,,,,,,,
sl660,,,,,,,,,
,,,,,,,,,
,,,,,,,,,
,,,,,,,,,
sl660,kcff0,14ff0,,348d0,44f50,,,,
,,,,,,,,,
,,,,,,,,,
,,,,,,,,,
sl660,,,,,,,,,
,,,,,,,,,
,,,,,,,,,
,,,,,,,,,
sl660,kcff0,10ff0,31f30,418d0,51f50,41ff1,,,
,,,,,,,,,
,,,,,,,,,
,,,,,,,,,
sl660,,,,,,,,,
,,,,,,,,,
,,,,,,,,,
,,,,,,,,,
zl440,zl440,,,,,,,,
,,,,,,,,,
,,,,,,,,,
,,,,,,,,,
,,,,,,,,,
,,,,,,,,,
,,,,,,,,,
,,,,,,,,,
zl440,zl440,,,,,,,,
,,,,,,,,,
,,,,,,,,,
,,,,,,,,,
,,,,,,,,,
,,,,,,,,,
,,,,,,,,,
,,,,,,,,,
zl440,zl440,,31f30,,50f50,40f81,,,
cl440,,,,,,,,,
cl440,,,,,,,,,
cl440,,,,,,,,,
cl440,,,,,,,,,
cl440,,,,,,,,,
cl440,,,,,,,,,
cl440,,,,,,,,,
zl440,zl440,,,418d0,,,,,
,,,,,,,,,
,,,,,,,,,
,,,,,,,,,
,,,,,,,,,
,,,,,,,,,
,,,,,,,,,
,,,,,,,,,
zl440,kcff0,14ff0,,,,,,,
,,,,,,,,,
,,,,,,,,,
,,,,,,,,,
,,,,,,,,,
,,,,,,,,,
,,,,,,,,,
,,,,,,,,,
zl440,kcff0,14ff0,34f30,348d0,53f50,43f81,,,
cl440,,,,,,,,,
cl440,,,,,,,,,
cl440,,,,,,,,,
cl440,,,,,,,,,
cl440,,,,,,,,,
cl440,,,,,,,,,
cl440,,,,,,,,,
zl440,zl440,,,,,,,,
,,,,,,,,,
,,,,,,,,,
,,,,,,,,,
,,,,,,,,,
,,,,,,,,,
,,,,,,,,,
,,,,,,,,,
zn660,,,,,,,,,
,,,,,,,,,
,,,,,,,,,
,,,,,,,,,
zl440,,,,,,,,,
,,,,,,,,,
,,,,,,,,,
,,,,,,,,,
zn660,,,34f30,348d0,54f50,44f81,,,
,,,,,,,,,
,,,,,,,,,
,,,,,,,,,
zl440,,,,,,,,,
,,,,,,,,,
,,,,,,,,,
,,,,,,,,,
zn660,,,,,,,,,
,,,,,,,,,
,,,,,,,,,
,,,,,,,,,
zl440,,,,,,,,,
,,,,,,,,,
,,,,,,,,,
,,,,,,,,,
,kcff0,14ff0,,348d0,,,,,
,,,,,,,,,
,,,,,,,,,
,,,,,,,,,
,,,,,,,,,
,,,,,,,,,
,,,,,,,,,
,,,,,,,,,
cl660,,,,,,,,,
,,,,,,,,,
,,,,,,,,,
,,,,,,,,,
,,,,,,,,,