,,,43f80,,,,,,
,,,,,,,,,
,,,,,,,,,
,,,,,,,,,
,,,,,,,,,
,,,,,,,,,
,,,,,,,,,
,,,,,,,,,
,snf60,,,,,,,,
,,,,,,,,,
,,,,,,,,,
,,,,,,,,,
,,,,43f80,,,,,
,,,,,,,,,
,,,,,,,,,
,,,,,,,,,
,,,43f80,,,,,,
,,,,,,,,,
,,,,,,,,,
,,,,,,,,,
,,,,,,,,,
,,,,,,,,,
,,,,,,,,,
,,,,,,,,,
,kcff0,,,,,,,,
,,,,,,,,,
slf40,,,,,,,,,
,,,,,,,,,
,hc880,,,,,,,,
,,,,,,,,,
,,,,,,,,,
,,,,,,,,,
,,,43f80,,,,,,
,,,,,,,,,
,,,,,,,,,
,,,,,,,,,
,,,,,,,,,
,,,,,,,,,
,,,,,,,,,
,,,,,,,,,
,snf60,,,,,,,,
,,,,,,,,,
,,,,,,,,,
,,,,,,,,,
,,,,,,,,,
,,,,,,,,,
,,,,,,,,,
,,,,,,,,,
cl660,,,432f1,,,,,,
,,,,,,,,,
cl440,,,432f1,,,,,,
,,,,,,,,,
,kcff0,,,,,,,,
,,,,,,,,,
,,,,,,,,,
,,,,,,,,,
kcff0,,23ff1,,,,,,,
,,,,,,,,,
,,,,,,,,,
,,,,,,,,,
,,,,,,,,,
,,,,,,,,,
,,,,,,,,,
,,,,,,,,,
,hc880,,43f80,,,,,,
,,,,,,,,,
,,,,,,,,,
,,,,,,,,,
,,,,,,,,,
,,,,,,,,,
,,,,,,,,,
,,,,,,,,,
,snfa0,24ff1,,,,,,,
,,,,,,,,,
,,,,,,,,,
,,,,,,,,,
,slf60,,,,,,,,
,,,,,,,,,
,,,,,,,,,
,,,,,,,,,
cl660,,,432f1,,,,,,
,,,,,,,,,
cl440,,,432f1,,,,,,
,,,,,,,,,
cl220,,,432f1,,,,,,
,,,,,,,,,
,,,,,,,,,
,,,,,,,,,
,kcff0,32ff1,,,,,,,
,,,,,,,,,
,,,,,,,,,
,,,,,,,,,
,hc880,,,,,,,,
,,,,,,,,,
,,,,,,,,,
,,,,,,,,,
,,,43f80,,,,,,
,,,,,,,,,
,,,,,,,,,
,,,,,,,,,
,,,,,,,,,
,,,,,,,,,
,hc880,,,,,,,,
,,,,,,,,,
,snfa0,31ff1,,,,,,,
,,,,,,,,,
,,,,,,,,,
,,,,,,,,,
,znf80,,,,,,,,
,,,,,,,,,
,,,,,,,,,
,,,,,,,,,
cl660,,,432f1,,,,,,
,,,,,,,,,
cl440,,,,,,,,,
,,,,,,,,,
cl220,,,,,,,,,
,,,,,,,,,
,,,,,,,,,
,,,,,,,,,
,kcff0,22ff1,,,,,,,
,,,,,,,,,
,,,,,,,,,
,,,,,,,,,
,,,,,,,,,
,,,,,,,,,
,,,,,,,,,
,,,,,,,,,
,,,,,,,,,
,,,,,,,,,