,sl220,21ff0,,,40ff0,512f1,,,
,,21ff0,,,,,,,
,sl220,,,,,442f1,,,
,,,,,,,,,
,sl220,,,,,512f1,,,
,,,,,34ff0,,,,
23ff0,sl220,23ff0,,,,442f1,,,
,,,,,,,,,
,sl220,,,,,512f1,,,
,,,,,,,,,
22ff0,sl220,22ff0,,,33ff0,502f1,,,
,,,,,,,,,
,sl220,,,,,442f1,,,
,,,,,,,,,
,sl280,,,,,,,,
,,,,,,,,,
,sl220,23ff0,,,,412f1,,,
,,23ff0,,,402f1,,,,
,sl220,23ff0,,,,,,,
,,,,,,412f1,,,
,sl220,23ff0,,13ff1,402f1,,,,
,,,,,,,,,
,sl220,23ff0,,,,412f1,,,
,,,,,402f1,,,,
,sl220,23ff0,,,,,,,
,,,,,,412f1,,,
,sl220,,,,402f1,,,,
,,,,,,,,,
,sl220,20ff0,,,,342f1,,,
,,,,,402f1,,,,
,sl220,,,,,332f1,,,
,,,,,,,,,
,sl220,20ff,,,332f1,332f1,,,
,,,,,,,,,
,sl220,,,,332f1,332f1,,,
,,,,,,,,,
,sl220,20ff0,,,332f1,332f1,,,
,,,,,,,,,
,sl220,,,,,,,,
,,,,,,,,,
,sl220,,,,,312f1,,,
,,,,,,312f1,,,
,sl220,,,,,312f1,,,
,,,,,,312f1,,,
,sl220,,,,,312f1,,,
,,,,,,312f1,,,
,sl220,,,,,312f1,,,
,,,,,,312f1,,,
,sl220,,,,,312f1,,,
,,,,,,31ff0,,,
,sl220,,,,332f1,,,,
,,,,,332f1,,,,
,,,,,332f1,,,,
,,,,,332f1,,,,
,,,,,332f0,,,,
,,,,20ff1,,,,,
,,,,,,,,,
,,,,,,,,,
,,,,,,,,,
,,,,,,,,,
,,,,,,,,,
,,,,,,,,,
,,,,,,,,,
,,,,,,,,,
,,,,,,,,,
,,,,,,,,,
,,,,,,,,,
,,,,,,,,,