zl440,,10ff0,30f60,40f60,51f30,,,,
,,,,,,,,,
,,,,,,,,,
,,,,,,,,,
,,,,,,,,,
,,,,,,,,,
,,,,,,,,,
,,,,,,,,,
zl440,,,32f40,42f40,,,,,
,,,,,,,,,
,,,,,,,,,
,,,,,,,,,
,,,,,,,,,
,,,,,,,,,
,,,,,,,,,
,,,,,,,,,
sl440,,,33f40,43f40,,,,,
cl440,,,,,,,,,
cl440,,,,,,,,,
cl440,,,,,,,,,
cl440,,,,,,,,,
cl440,,,,,,,,,
cl440,,,,,,,,,
cl440,,,,,,,,,
zl440,,,34f60,44f60,44f30,,,,
,,,,,,,,,
,,,,,,,,,
,,,,,,,,,
,,,,,,,,,
,,,,,,,,,
,,,,,,,,,
,,,,,,,,,
zl440,kcff0,14ff0,,,,,,,
,,,,,,,,,
,,,,,,,,,
,,,,,,,,,
,,,,,,,,,
,,,,,,,,,
,,,,,,,,,
,,,,,,,,,
,,,,,,,,,
,,,,,,,,,
,,,,,,,,,
,,,,,,,,,
,,,,,,,,,
,,,,,,,,,
,,,,,,,,,
,,,,,,,,,
zl440,,10ff0,30f60,40f60,51f30,,,,
cl440,,,,,,,,,
cl440,,,,,,,,,
cl440,,,,,,,,,
cl440,,,,,,,,,
cl440,,,,,,,,,
cl440,,,,,,,,,
cl440,,,,,,,,,
zl440,,,32f40,42f40,,,,,
,,,,,,,,,
,,,,,,,,,
,,,,,,,,,
,,,,,,,,,
,,,,,,,,,
,,,,,,,,,
,,,,,,,,,
zl440,,,33f40,43f40,,,,,
,,,,,,,,,
,,,,,,,,,
,,,,,,,,,
,,,,,,,,,
,,,,,,,,,
,,,,,,,,,
,,,,,,,,,
sn440,,,34f60,44f60,,,,,
,,,,,,,,,
,,,,,,,,,
,,,,,,,,,
,,,,,,,,,
,,,,,,,,,
,,,,,,,,,
,,,,,,,,,
,,,,,,,,,
,,,,,,,,,
,,,,,,,,,
,,,,,,,,,
,,,,,,,,,
,,,,,,,,,
,,,,,,,,,
,,,,,,,,,
,kcff0,14ff0,,,,,,,
,,,,,,,,,
,,,,,,,,,
,,,,,,,,,
,,,,,,,,,
,,,,,,,,,
,,,,,,,,,
,,,,,,,,,
zn440,,10ff0,30f60,40f60,51f30,,,,
,,,,,,,,,
,,,,,,,,,
,,,,,,,,,
,,,,,,,,,
,,,,,,,,,
,,,,,,,,,
,,,,,,,,,
zl440,,,32f40,42f40,,,,,
cl440,,,,,,,,,
cl440,,,,,,,,,
cl440,,,,,,,,,
cl440,,,,,,,,,
cl440,,,,,,,,,
cl440,,,,,,,,,
cl440,,,,,,,,,
zn440,,,33f40,43f40,,,,,
,,,,,,,,,
,,,,,,,,,
,,,,,,,,,
,,,,,,,,,
,,,,,,,,,
,,,,,,,,,
,,,,,,,,,
zl440,,,34f40,44f40,44f30,,,,
cl440,,,,,,,,,
cl440,,,,,,,,,
cl440,,,,,,,,,
cl440,,,,,,,,,
cl440,,,,,,,,,
cl440,,,,,,,,,
cl440,,,,,,,,,
kcff0,,14ff0,,,,,,,
,,,,,,,,,
,,,,,,,,,
,,,,,,,,,
,,,,,,,,,
,,,,,,,,,
,,,,,,,,,
,,,,,,,,,
sn880,,,,,,,,,
,,,,,,,,,
,,,,,,,,,
,,,,,,,,,
,,,,,,,,,
,,,,,,,,,
,,,,,,,,,
,,,,,,,,,
zl440,,10ff0,30f60,40f60,44f30,,,,
,,,,,,,,,
,,,,,,,,,
,,,,,,,,,
,,,,,,,,,
,,,,,,,,,
,,,,,,,,,
,,,,,,,,,
zl440,,,32f40,42f40,,,,,
cl440,,,,,,,,,
cl440,,,,,,,,,
cl440,,,,,,,,,
cl440,,,,,,,,,
cl440,,,,,,,,,
cl440,,,,,,,,,
cl440,,,,,,,,,
sl880,,,33f40,43f40,,,,,
,,,,,,,,,
,,,,,,,,,
,,,,,,,,,
,,,,,,,,,
,,,,,,,,,
,,,,,,,,,
,,,,,,,,,
sl880,,,34f60,44f60,44f30,,,,
,,,,,,,,,
,,,,,,,,,
,,,,,,,,,
,,,,,,,,,
,,,,,,,,,
,,,,,,,,,
,,,,,,,,,
cl440,,,,,,,,,
cl440,,,,,,,,,
cl440,,,,,,,,,
cl440,,,,,,,,,
cl440,,,,,,,,,
cl440,,,,,,,,,
cl440,,,,,,,,,
cl440,,,,,,,,,
cl440,kcff0,14ff0,,,,,,,
cl440,,,,,,,,,
cl440,,,,,,,,,
cl440,,,,,,,,,
cl440,,,,,,,,,
cl440,,,,,,,,,
cl440,,,,,,,,,
cl440,,,,,,,,,
,,,,,,,,,
,,,,,,,,,
,,,,,,,,,
,,,,,,,,,
,,,,,,,,,