bdff0,sn880,21ff0,411f1,51181,,,41ff1,,
,,,,,,,,,
,,,,,,,,,
,,,,,,,,,
bd2f0,,,,,,,,,
,,,,,,,,,
,,,,,,,,,
,,,,,,,,,
,,,,,,,,,
,,,,,,,,,
,,,,,,,,,
,,,,,,,,,
bd2f0,bd2f0,,,,,,,,
,,,,,,,,,
lbff0,lbff0,,,,,,,,
,,,,,,,,,
,,20ff0,,,,,,,
,,,,,,,,,
,,,,,,,,,
,,,,,,,,,
,,,,,,,,,
,,,,,,,,,
,,,,,,,,,
,,,,,,,,,
,,,,,,,,,
,,,,,,,,,
,,,,,,,,,
,,,,,,,,,
bd2f0,bd2f0,,,,,,,,
,,,,,,,,,
lbff0,lbff0,,,,,,,,
,,,,,,,,,
,,23ff0,,,,,,,
,,,,,,,,,
,,,,,,,,,
,,,,,,,,,
,,,,,,,,,
,,,,,,,,,
,,,,,,,,,
,,,,,,,,,
,,,,,,,,,
,,,,,,,,,
,,,,,,,,,
,,,,,,,,,
bd2f0,bd2f0,,,,,,,,
,,,,,,,,,
lbff0,lbff0,,,,,,,,
,,,,,,,,,
,,21ff0,,,,,,,
,,,,,,,,,
,,,,,,,,,
,,,,,,,,,
,,,,,,,,,
,,,,,,,,,
,,,,,,,,,
,,,,,,,,,
,,,,,,,,,
,,,,,,,,,
,,,,,,,,,
,,,,,,,,,
bd2f0,bd2f0,,,,,,,,
,,,,,,,,,
lbff0,lbff0,,,,,,,,
,,,,,,,,,
,,20ff0,,,,,,,
,,,,,,,,,
,,,,,,,,,
,,,,,,,,,
,,,,,,30ff6,,,
,,,,,,,,,
,,,,,,,,,
,,,,,,,,,
,,,,,,,,,
,,,,,,,30ff3,,
,,,,,,,,,
,,,,,,,,,
bd2f0,bd2f0,,,,,,,,
,,,,,30883,,,,
lbff0,lbff0,,,,,,,,
,,,,,,,,,
,,23ff0,,,,,,,
,,,,,,30ff5,,,
,,,,,,,,,
,,,,,,,,,
,,,,,,,,,
,,,,,,,30883,,
,,,,,,,,,
,,,,,,,,,
,,,,,,,,,
,,,,,,,,,
,,,,,,,,,
,,,,,,,,,
bd2f0,bd2f0,,,,,,,,
,,,,,,,,,
lbff0,lbff0,,,,,,,,
,,,,,,,,,
,,21ff0,,,,,,,
,,,,,,,,,
,,,,,,,,,
,,,,,,,,,
,,,33f80,33f80,,,,,
,,,,,,,,,
,,,,,,,,,
,,,,,,,,,
,,,34f80,33f80,,,,,
,,,,,,,,,
,,,,,,,,,
,,,,,,,,,
bd2f0,bd2f0,,,,,,,,
,,,,,,,,,
lbff0,lbff0,,,,,,,,
,,,,,,,,,
,,20ff0,,,,,,,
,,,,,,,,,
,,,,,,,,,
,,,,,,,,,
,,,33f80,33f80,,,,,
,,,,,,,,,
,,,,,,,,,
,,,,,,,,,
,,,,,,,,,
,,,,,,,,,
,,,,,,,,,
,,,,,,,,,
bd2f0,bd2f0,,,,,,,,
,,,,,,,,,
lbff0,lbff0,,,,,,,,
,,,,,,,,,